<?xml version="1.0" encoding="UTF-8"?>
<site>
   <description url="http://community.polarion.com/projects/subversive/download/eclipse/4.0/update-site/">
      SVN connectors for the Eclipse Subversive - SVN Team Provider
   </description>
   <feature url="features/org.polarion.eclipse.team.svn.connector_4.1.3.I20150214-1700.jar" id="org.polarion.eclipse.team.svn.connector" version="4.1.3.I20150214-1700">
      <category name="Subversive Connectors"/>
   </feature>
   <feature url="features/org.polarion.eclipse.team.svn.connector.svnkit17_4.1.3.I20150214-1700.jar" id="org.polarion.eclipse.team.svn.connector.svnkit17" version="4.1.3.I20150214-1700">
      <category name="Subversive Connectors"/>
   </feature>
   <feature url="features/org.polarion.eclipse.team.svn.connector.javahl17_4.1.3.I20150214-1700.jar" id="org.polarion.eclipse.team.svn.connector.javahl17" version="4.1.3.I20150214-1700">
      <category name="Subversive Connectors"/>
   </feature>
   <feature url="features/org.polarion.eclipse.team.svn.connector.svnkit18_4.1.3.I20150214-1700.jar" id="org.polarion.eclipse.team.svn.connector.svnkit18" version="4.1.3.I20150214-1700">
      <category name="Subversive Connectors"/>
   </feature>
   <feature url="features/org.polarion.eclipse.team.svn.connector.javahl18_4.1.3.I20150214-1700.jar" id="org.polarion.eclipse.team.svn.connector.javahl18" version="4.1.3.I20150214-1700">
      <category name="Subversive Connectors"/>
   </feature>
   <feature url="features/org.polarion.eclipse.team.svn.connector.source_4.1.3.I20150214-1700.jar" id="org.polarion.eclipse.team.svn.connector.source" version="4.1.3.I20150214-1700">
      <category name="Subversive Connectors Sources"/>
   </feature>
   <category-def name="Subversive Connectors" label="Subversive SVN Connectors">
      <description>
         SVN connectors for the Eclipse Subversive project. SVN 1.7 and SVN 1.8 compatible connectors support Subversion version 1.7 and 1.8 respectively.
      </description>
   </category-def>
   <category-def name="Subversive Connectors Sources" label="Subversive SVN Connectors Sources">
      <description>
         The sources of the SVN connectors for the Eclipse Subversive.
      </description>
   </category-def>
</site>
